0,0.5806 ,49.3522 ,0.0529 ,44.54 ,45.13 ,46.05 ,47.60 ,49.35 ,51.13 ,52.75 ,53.73 ,54.37 
0.5,0.8957 ,52.3940 ,0.0487 ,47.62 ,48.22 ,49.13 ,50.68 ,52.39 ,54.12 ,55.67 ,56.61 ,57.21 
1.5,1.2588 ,56.6450 ,0.0445 ,51.85 ,52.46 ,53.39 ,54.94 ,56.65 ,58.34 ,59.85 ,60.75 ,61.33 
2.5,1.4127 ,59.7582 ,0.0424 ,54.91 ,55.53 ,56.47 ,58.04 ,59.76 ,61.46 ,62.97 ,63.87 ,64.45 
3.5,1.4503 ,62.2774 ,0.0412 ,57.36 ,57.99 ,58.95 ,60.54 ,62.28 ,64.00 ,65.53 ,66.44 ,67.02 
4.5,1.4198 ,64.4243 ,0.0405 ,59.44 ,60.07 ,61.04 ,62.66 ,64.42 ,66.17 ,67.73 ,68.66 ,69.25 
5.5,1.3486 ,66.3132 ,0.0400 ,61.25 ,61.90 ,62.88 ,64.52 ,66.31 ,68.09 ,69.69 ,70.63 ,71.24 
6.5,1.2529 ,68.0112 ,0.0397 ,62.88 ,63.53 ,64.52 ,66.18 ,68.01 ,69.83 ,71.45 ,72.42 ,73.05 
7.5,1.1431 ,69.5613 ,0.0396 ,64.35 ,65.01 ,66.02 ,67.70 ,69.56 ,71.41 ,73.08 ,74.07 ,74.71 
8.5,1.0256 ,70.9929 ,0.0395 ,65.71 ,66.38 ,67.40 ,69.10 ,70.99 ,72.88 ,74.59 ,75.60 ,76.26 
9.5,0.9048 ,72.3273 ,0.0395 ,66.98 ,67.65 ,68.68 ,70.41 ,72.33 ,74.25 ,76.00 ,77.04 ,77.72 
10.5,0.7833 ,73.5800 ,0.0395 ,68.16 ,68.83 ,69.88 ,71.63 ,73.58 ,75.54 ,77.32 ,78.39 ,79.09 
11.5,0.6630 ,74.7631 ,0.0395 ,69.27 ,69.96 ,71.01 ,72.78 ,74.76 ,76.76 ,78.58 ,79.68 ,80.39 
12.5,0.5452 ,75.8860 ,0.0396 ,70.33 ,71.02 ,72.08 ,73.87 ,75.89 ,77.92 ,79.78 ,80.90 ,81.63 
13.5,0.4305 ,76.9563 ,0.0397 ,71.33 ,72.02 ,73.10 ,74.91 ,76.96 ,79.03 ,80.93 ,82.07 ,82.82 
14.5,0.3196 ,77.9800 ,0.0398 ,72.29 ,72.99 ,74.07 ,75.91 ,77.98 ,80.09 ,82.03 ,83.20 ,83.97 
15.5,0.2125 ,78.9623 ,0.0399 ,73.21 ,73.91 ,75.00 ,76.86 ,78.96 ,81.11 ,83.08 ,84.28 ,85.07 
16.5,0.1094 ,79.9074 ,0.0400 ,74.09 ,74.80 ,75.90 ,77.78 ,79.91 ,82.09 ,84.10 ,85.33 ,86.13 
17.5,0.0105 ,80.8188 ,0.0402 ,74.94 ,75.65 ,76.76 ,78.66 ,80.82 ,83.04 ,85.09 ,86.33 ,87.16 
18.5,-0.0845 ,81.6997 ,0.0403 ,75.76 ,76.48 ,77.60 ,79.51 ,81.70 ,83.95 ,86.04 ,87.31 ,88.15 
19.5,-0.1755 ,82.5526 ,0.0404 ,76.55 ,77.27 ,78.40 ,80.34 ,82.55 ,84.84 ,86.96 ,88.26 ,89.12 
20.5,-0.2627 ,83.3798 ,0.0406 ,77.31 ,78.04 ,79.18 ,81.14 ,83.38 ,85.70 ,87.86 ,89.18 ,90.06 
21.5,-0.3462 ,84.1834 ,0.0407 ,78.06 ,78.79 ,79.94 ,81.92 ,84.18 ,86.54 ,88.73 ,90.08 ,90.97 
22.5,-0.4261 ,84.9652 ,0.0408 ,78.78 ,79.52 ,80.68 ,82.67 ,84.97 ,87.35 ,89.58 ,90.96 ,91.87 
23.5,-0.5027 ,85.7266 ,0.0410 ,79.48 ,80.23 ,81.40 ,83.41 ,85.73 ,88.14 ,90.41 ,91.81 ,92.74 
24.5,-0.5218 ,86.4712 ,0.0412 ,80.14 ,80.89 ,82.08 ,84.12 ,86.47 ,88.93 ,91.23 ,92.65 ,93.60 
25.5,-0.4827 ,87.1882 ,0.0416 ,80.74 ,81.51 ,82.72 ,84.79 ,87.19 ,89.68 ,92.03 ,93.47 ,94.43 
26.5,-0.4393 ,87.8759 ,0.0419 ,81.32 ,82.10 ,83.33 ,85.44 ,87.88 ,90.41 ,92.79 ,94.25 ,95.22 
27,-0.4161 ,88.2103 ,0.0421 ,81.60 ,82.39 ,83.63 ,85.76 ,88.21 ,90.76 ,93.16 ,94.63 ,95.61 
27.5,-0.4164 ,88.5428 ,0.0422 ,81.89 ,82.69 ,83.93 ,86.07 ,88.54 ,91.11 ,93.52 ,95.01 ,95.99 
28.5,-0.3407 ,89.1825 ,0.0425 ,82.42 ,83.23 ,84.49 ,86.68 ,89.18 ,91.79 ,94.23 ,95.72 ,96.72 
29.5,-0.2856 ,89.8098 ,0.0427 ,82.95 ,83.77 ,85.06 ,87.27 ,89.81 ,92.45 ,94.91 ,96.42 ,97.42 
30.5,-0.2264 ,90.4245 ,0.0429 ,83.47 ,84.31 ,85.61 ,87.85 ,90.42 ,93.09 ,95.57 ,97.10 ,98.10 
31.5,-0.1630 ,91.0301 ,0.0431 ,83.99 ,84.84 ,86.16 ,88.43 ,91.03 ,93.72 ,96.22 ,97.75 ,98.77 
32.5,-0.0950 ,91.6295 ,0.0432 ,84.51 ,85.37 ,86.71 ,89.01 ,91.63 ,94.34 ,96.86 ,98.40 ,99.41 
33,-0.0592 ,91.9277 ,0.0432 ,84.77 ,85.64 ,86.98 ,89.29 ,91.93 ,94.65 ,97.17 ,98.71 ,99.73 
33.5,-0.0220 ,92.2253 ,0.0432 ,85.03 ,85.90 ,87.26 ,89.58 ,92.23 ,94.95 ,97.48 ,99.02 ,100.04 
34.5,0.0567 ,92.8200 ,0.0432 ,85.56 ,86.44 ,87.81 ,90.15 ,92.82 ,95.56 ,98.10 ,99.64 ,100.66 
35.5,0.1416 ,93.4157 ,0.0431 ,86.10 ,86.99 ,88.37 ,90.73 ,93.42 ,96.16 ,98.70 ,100.25 ,101.26 
36.5,0.1743 ,94.0240 ,0.0430 ,86.67 ,87.56 ,88.96 ,91.33 ,94.02 ,96.78 ,99.33 ,100.87 ,101.89 
37.5,0.1510 ,94.6415 ,0.0428 ,87.27 ,88.17 ,89.56 ,91.94 ,94.64 ,97.41 ,99.96 ,101.52 ,102.54 
38.5,0.1299 ,95.2571 ,0.0427 ,87.87 ,88.77 ,90.17 ,92.55 ,95.26 ,98.03 ,100.60 ,102.15 ,103.18 
39,0.1203 ,95.5641 ,0.0426 ,88.17 ,89.07 ,90.47 ,92.85 ,95.56 ,98.34 ,100.91 ,102.47 ,103.50 
39.5,0.1112 ,95.8706 ,0.0425 ,88.47 ,89.37 ,90.77 ,93.16 ,95.87 ,98.65 ,101.23 ,102.79 ,103.82 
40.5,0.0949 ,96.4819 ,0.0424 ,89.06 ,89.97 ,91.37 ,93.76 ,96.48 ,99.27 ,101.85 ,103.42 ,104.45 
41.5,0.0812 ,97.0909 ,0.0422 ,89.66 ,90.56 ,91.97 ,94.37 ,97.09 ,99.89 ,102.48 ,104.05 ,105.09 
42.5,0.0699 ,97.6974 ,0.0420 ,90.25 ,91.16 ,92.56 ,94.97 ,97.70 ,100.50 ,103.10 ,104.67 ,105.71 
43.5,0.0614 ,98.3013 ,0.0419 ,90.84 ,91.75 ,93.16 ,95.56 ,98.30 ,101.11 ,103.71 ,105.29 ,106.33 
44.5,0.0555 ,98.9024 ,0.0417 ,91.43 ,92.34 ,93.75 ,96.16 ,98.90 ,101.72 ,104.32 ,105.91 ,106.95 
45,0.0536 ,99.2019 ,0.0416 ,91.72 ,92.63 ,94.04 ,96.46 ,99.20 ,102.02 ,104.63 ,106.21 ,107.26 
45.5,0.0523 ,99.5007 ,0.0415 ,92.01 ,92.92 ,94.34 ,96.75 ,99.50 ,102.32 ,104.93 ,106.52 ,107.56 
46.5,0.0519 ,100.0960 ,0.0413 ,92.59 ,93.50 ,94.92 ,97.34 ,100.10 ,102.92 ,105.54 ,107.13 ,108.17 
47.5,0.0541 ,100.6880 ,0.0412 ,93.17 ,94.08 ,95.50 ,97.93 ,100.69 ,103.52 ,106.14 ,107.73 ,108.78 
48.5,0.0591 ,101.2770 ,0.0410 ,93.74 ,94.66 ,96.08 ,98.51 ,101.28 ,104.11 ,106.73 ,108.33 ,109.38 
49.5,0.0667 ,101.8620 ,0.0408 ,94.31 ,95.23 ,96.66 ,99.09 ,101.86 ,104.70 ,107.33 ,108.92 ,109.97 
50.5,0.0769 ,102.4440 ,0.0407 ,94.88 ,95.80 ,97.23 ,99.67 ,102.44 ,105.29 ,107.92 ,109.52 ,110.57 
51,0.0829 ,102.7340 ,0.0406 ,95.16 ,96.08 ,97.51 ,99.96 ,102.73 ,105.58 ,108.21 ,109.81 ,110.86 
51.5,0.0895 ,103.0230 ,0.0405 ,95.44 ,96.36 ,97.80 ,100.24 ,103.02 ,105.87 ,108.50 ,110.10 ,111.15 
52.5,0.1045 ,103.5980 ,0.0404 ,95.99 ,96.92 ,98.36 ,100.81 ,103.60 ,106.45 ,109.09 ,110.69 ,111.74 
53.5,0.1218 ,104.1690 ,0.0402 ,96.54 ,97.47 ,98.92 ,101.38 ,104.17 ,107.03 ,109.66 ,111.27 ,112.32 
54.5,0.1410 ,104.7360 ,0.0401 ,97.09 ,98.02 ,99.47 ,101.94 ,104.74 ,107.60 ,110.24 ,111.84 ,112.89 
55.5,0.1621 ,105.3000 ,0.0400 ,97.63 ,98.57 ,100.02 ,102.50 ,105.30 ,108.17 ,110.81 ,112.41 ,113.47 
56.5,0.1849 ,105.8590 ,0.0398 ,98.17 ,99.11 ,100.56 ,103.05 ,105.86 ,108.73 ,111.38 ,112.98 ,114.04 
57,0.1968 ,106.1380 ,0.0398 ,98.43 ,99.37 ,100.84 ,103.32 ,106.14 ,109.01 ,111.66 ,113.27 ,114.32 
57.5,0.2090 ,106.4150 ,0.0397 ,98.70 ,99.64 ,101.11 ,103.60 ,106.42 ,109.29 ,111.94 ,113.55 ,114.60 
58.5,0.2342 ,106.9660 ,0.0396 ,99.22 ,100.17 ,101.64 ,104.14 ,106.97 ,109.85 ,112.50 ,114.11 ,115.16 
59.5,0.2601 ,107.5140 ,0.0395 ,99.74 ,100.69 ,102.17 ,104.68 ,107.51 ,110.40 ,113.06 ,114.67 ,115.73 
60.5,0.2866 ,108.0570 ,0.0394 ,100.26 ,101.21 ,102.69 ,105.21 ,108.06 ,110.95 ,113.62 ,115.23 ,116.28 
61.5,0.3132 ,108.5960 ,0.0393 ,100.76 ,101.72 ,103.21 ,105.74 ,108.60 ,111.50 ,114.17 ,115.78 ,116.84 
62.5,0.3395 ,109.1310 ,0.0393 ,101.27 ,102.23 ,103.73 ,106.27 ,109.13 ,112.04 ,114.72 ,116.33 ,117.39 
63,0.3524 ,109.3970 ,0.0392 ,101.52 ,102.48 ,103.98 ,106.53 ,109.40 ,112.31 ,114.99 ,116.60 ,117.66 
63.5,0.3652 ,109.6620 ,0.0392 ,101.76 ,102.73 ,104.24 ,106.79 ,109.66 ,112.58 ,115.26 ,116.88 ,117.94 
64.5,0.3899 ,110.1890 ,0.0391 ,102.26 ,103.23 ,104.74 ,107.31 ,110.19 ,113.12 ,115.80 ,117.42 ,118.49 
65.5,0.4132 ,110.7120 ,0.0391 ,102.74 ,103.72 ,105.24 ,107.82 ,110.71 ,113.65 ,116.34 ,117.97 ,119.03 
66.5,0.4346 ,111.2300 ,0.0391 ,103.22 ,104.21 ,105.74 ,108.32 ,111.23 ,114.18 ,116.88 ,118.51 ,119.58 
67.5,0.4539 ,111.7440 ,0.0391 ,103.70 ,104.69 ,106.22 ,108.82 ,111.74 ,114.71 ,117.42 ,119.05 ,120.12 
68.5,0.4705 ,112.2540 ,0.0391 ,104.17 ,105.16 ,106.71 ,109.32 ,112.25 ,115.23 ,117.95 ,119.59 ,120.66 
69,0.4777 ,112.5080 ,0.0391 ,104.40 ,105.40 ,106.95 ,109.57 ,112.51 ,115.49 ,118.22 ,119.86 ,120.93 
69.5,0.4841 ,112.7600 ,0.0391 ,104.63 ,105.63 ,107.19 ,109.81 ,112.76 ,115.75 ,118.48 ,120.13 ,121.20 
70.5,0.4944 ,113.2620 ,0.0391 ,105.09 ,106.10 ,107.66 ,110.30 ,113.26 ,116.27 ,119.01 ,120.66 ,121.74 
71.5,0.5009 ,113.7600 ,0.0391 ,105.54 ,106.56 ,108.13 ,110.78 ,113.76 ,116.78 ,119.54 ,121.20 ,122.28 
72.5,0.5035 ,114.2550 ,0.0392 ,105.99 ,107.01 ,108.59 ,111.26 ,114.26 ,117.29 ,120.06 ,121.73 ,122.83 
73.5,0.5017 ,114.7450 ,0.0392 ,106.43 ,107.46 ,109.05 ,111.73 ,114.75 ,117.80 ,120.59 ,122.27 ,123.37 
74.5,0.4954 ,115.2310 ,0.0393 ,106.87 ,107.90 ,109.50 ,112.20 ,115.23 ,118.30 ,121.11 ,122.80 ,123.91 
75,0.4905 ,115.4730 ,0.0393 ,107.09 ,108.12 ,109.72 ,112.43 ,115.47 ,118.56 ,121.37 ,123.07 ,124.18 
75.5,0.4844 ,115.7140 ,0.0394 ,107.31 ,108.34 ,109.95 ,112.66 ,115.71 ,118.81 ,121.63 ,123.34 ,124.45 
76.5,0.4685 ,116.1940 ,0.0395 ,107.74 ,108.78 ,110.39 ,113.12 ,116.19 ,119.31 ,122.15 ,123.87 ,124.99 
77.5,0.4478 ,116.6690 ,0.0396 ,108.16 ,109.21 ,110.83 ,113.58 ,116.67 ,119.81 ,122.67 ,124.40 ,125.54 
78.5,0.4221 ,117.1420 ,0.0397 ,108.58 ,109.63 ,111.27 ,114.03 ,117.14 ,120.30 ,123.19 ,124.94 ,126.08 
79.5,0.3917 ,117.6110 ,0.0399 ,108.99 ,110.05 ,111.70 ,114.48 ,117.61 ,120.80 ,123.71 ,125.48 ,126.63 
80.5,0.3567 ,118.0770 ,0.0400 ,109.41 ,110.47 ,112.12 ,114.92 ,118.08 ,121.29 ,124.23 ,126.01 ,127.18 
81,0.3375 ,118.3090 ,0.0401 ,109.61 ,110.68 ,112.33 ,115.14 ,118.31 ,121.53 ,124.49 ,126.28 ,127.45 
81.5,0.3172 ,118.5410 ,0.0402 ,109.82 ,110.89 ,112.54 ,115.36 ,118.54 ,121.78 ,124.75 ,126.55 ,127.73 
82.5,0.2737 ,119.0010 ,0.0403 ,110.22 ,111.29 ,112.96 ,115.80 ,119.00 ,122.27 ,125.27 ,127.09 ,128.28 
83.5,0.2265 ,119.4590 ,0.0405 ,110.62 ,111.70 ,113.38 ,116.23 ,119.46 ,122.76 ,125.79 ,127.63 ,128.83 
84.5,0.1762 ,119.9140 ,0.0407 ,111.02 ,112.10 ,113.79 ,116.66 ,119.91 ,123.24 ,126.31 ,128.17 ,129.39 
85.5,0.1232 ,120.3680 ,0.0409 ,111.41 ,112.50 ,114.20 ,117.09 ,120.37 ,123.73 ,126.83 ,128.71 ,129.95 
86.5,0.0682 ,120.8190 ,0.0411 ,111.80 ,112.90 ,114.60 ,117.51 ,120.82 ,124.21 ,127.35 ,129.25 ,130.51 
87.5,0.0119 ,121.2680 ,0.0413 ,112.19 ,113.29 ,115.01 ,117.94 ,121.27 ,124.69 ,127.87 ,129.80 ,131.07 
88.5,-0.0450 ,121.7160 ,0.0416 ,112.58 ,113.69 ,115.41 ,118.36 ,121.72 ,125.18 ,128.38 ,130.34 ,131.63 
89.5,-0.1017 ,122.1630 ,0.0418 ,112.96 ,114.07 ,115.81 ,118.78 ,122.16 ,125.66 ,128.90 ,130.89 ,132.19 
90,-0.1297 ,122.3860 ,0.0419 ,113.15 ,114.27 ,116.01 ,118.98 ,122.39 ,125.90 ,129.16 ,131.16 ,132.48 
90.5,-0.1574 ,122.6090 ,0.0420 ,113.35 ,114.46 ,116.20 ,119.19 ,122.61 ,126.14 ,129.43 ,131.43 ,132.76 
91.5,-0.2114 ,123.0540 ,0.0423 ,113.73 ,114.85 ,116.60 ,119.61 ,123.05 ,126.62 ,129.95 ,131.98 ,133.33 
92.5,-0.2629 ,123.4980 ,0.0425 ,114.10 ,115.23 ,116.99 ,120.02 ,123.50 ,127.10 ,130.47 ,132.53 ,133.89 
93.5,-0.3111 ,123.9430 ,0.0427 ,114.48 ,115.62 ,117.39 ,120.44 ,123.94 ,127.58 ,130.99 ,133.08 ,134.46 
94.5,-0.3555 ,124.3870 ,0.0430 ,114.86 ,116.00 ,117.78 ,120.85 ,124.39 ,128.06 ,131.51 ,133.62 ,135.02 
95.5,-0.3954 ,124.8330 ,0.0432 ,115.23 ,116.38 ,118.17 ,121.27 ,124.83 ,128.55 ,132.03 ,134.17 ,135.59 
96.5,-0.4304 ,125.2780 ,0.0435 ,115.60 ,116.76 ,118.57 ,121.68 ,125.28 ,129.03 ,132.55 ,134.72 ,136.15 
97.5,-0.4600 ,125.7250 ,0.0437 ,115.98 ,117.14 ,118.96 ,122.10 ,125.73 ,129.51 ,133.07 ,135.26 ,136.72 
98.5,-0.4841 ,126.1740 ,0.0440 ,116.35 ,117.52 ,119.35 ,122.52 ,126.17 ,130.00 ,133.59 ,135.81 ,137.28 
99.5,-0.5026 ,126.6240 ,0.0442 ,116.72 ,117.90 ,119.75 ,122.94 ,126.62 ,130.48 ,134.11 ,136.36 ,137.84 
100.5,-0.5155 ,127.0760 ,0.0444 ,117.09 ,118.28 ,120.14 ,123.36 ,127.08 ,130.97 ,134.64 ,136.90 ,138.41 
101.5,-0.5230 ,127.5300 ,0.0446 ,117.47 ,118.66 ,120.54 ,123.78 ,127.53 ,131.46 ,135.16 ,137.45 ,138.97 
102,-0.5248 ,127.7580 ,0.0448 ,117.65 ,118.85 ,120.74 ,123.99 ,127.76 ,131.70 ,135.42 ,137.72 ,139.25 
102.5,-0.5254 ,127.9870 ,0.0449 ,117.84 ,119.05 ,120.94 ,124.20 ,127.99 ,131.95 ,135.69 ,137.99 ,139.53 
103.5,-0.5231 ,128.4460 ,0.0451 ,118.22 ,119.43 ,121.33 ,124.63 ,128.45 ,132.44 ,136.21 ,138.54 ,140.09 
104.5,-0.5167 ,128.9080 ,0.0453 ,118.59 ,119.82 ,121.74 ,125.06 ,128.91 ,132.94 ,136.74 ,139.09 ,140.65 
105.5,-0.5068 ,129.3740 ,0.0455 ,118.97 ,120.20 ,122.14 ,125.49 ,129.37 ,133.44 ,137.27 ,139.64 ,141.21 
106.5,-0.4939 ,129.8430 ,0.0457 ,119.35 ,120.60 ,122.55 ,125.93 ,129.84 ,133.94 ,137.80 ,140.19 ,141.78 
107.5,-0.4787 ,130.3150 ,0.0460 ,119.73 ,120.99 ,122.96 ,126.37 ,130.32 ,134.45 ,138.34 ,140.75 ,142.34 
108.5,-0.4617 ,130.7910 ,0.0462 ,120.12 ,121.38 ,123.37 ,126.81 ,130.79 ,134.96 ,138.88 ,141.30 ,142.91 
109.5,-0.4435 ,131.2720 ,0.0464 ,120.50 ,121.78 ,123.79 ,127.26 ,131.27 ,135.47 ,139.42 ,141.87 ,143.49 
110.5,-0.4245 ,131.7560 ,0.0466 ,120.90 ,122.19 ,124.21 ,127.71 ,131.76 ,135.99 ,139.97 ,142.43 ,144.06 
111.5,-0.4049 ,132.2450 ,0.0468 ,121.29 ,122.59 ,124.64 ,128.17 ,132.25 ,136.51 ,140.52 ,143.00 ,144.64 
112.5,-0.3848 ,132.7390 ,0.0470 ,121.69 ,123.00 ,125.06 ,128.63 ,132.74 ,137.04 ,141.08 ,143.58 ,145.23 
113.5,-0.3645 ,133.2380 ,0.0472 ,122.09 ,123.42 ,125.50 ,129.09 ,133.24 ,137.57 ,141.64 ,144.16 ,145.82 
114,-0.3541 ,133.4890 ,0.0473 ,122.29 ,123.63 ,125.72 ,129.32 ,133.49 ,137.84 ,141.93 ,144.45 ,146.12 
114.5,-0.3436 ,133.7410 ,0.0474 ,122.50 ,123.84 ,125.94 ,129.56 ,133.74 ,138.11 ,142.21 ,144.74 ,146.42 
115.5,-0.3219 ,134.2500 ,0.0476 ,122.91 ,124.26 ,126.38 ,130.03 ,134.25 ,138.65 ,142.78 ,145.33 ,147.02 
116.5,-0.2991 ,134.7630 ,0.0478 ,123.32 ,124.69 ,126.82 ,130.51 ,134.76 ,139.20 ,143.36 ,145.92 ,147.62 
117.5,-0.2748 ,135.2830 ,0.0480 ,123.74 ,125.12 ,127.28 ,131.00 ,135.28 ,139.75 ,143.94 ,146.52 ,148.23 
118.5,-0.2484 ,135.8070 ,0.0482 ,124.17 ,125.56 ,127.74 ,131.49 ,135.81 ,140.31 ,144.53 ,147.12 ,148.84 
119.5,-0.2193 ,136.3370 ,0.0483 ,124.60 ,126.00 ,128.20 ,131.98 ,136.34 ,140.87 ,145.11 ,147.72 ,149.45 
120.5,-0.1870 ,136.8720 ,0.0485 ,125.03 ,126.45 ,128.67 ,132.48 ,136.87 ,141.43 ,145.71 ,148.33 ,150.06 
121.5,-0.1509 ,137.4130 ,0.0486 ,125.48 ,126.91 ,129.14 ,132.99 ,137.41 ,142.00 ,146.30 ,148.93 ,150.68 
122.5,-0.1104 ,137.9580 ,0.0488 ,125.92 ,127.36 ,129.62 ,133.50 ,137.96 ,142.58 ,146.89 ,149.54 ,151.29 
123.5,-0.0652 ,138.5080 ,0.0489 ,126.37 ,127.83 ,130.11 ,134.02 ,138.51 ,143.15 ,147.49 ,150.14 ,151.89 
124.5,-0.0147 ,139.0630 ,0.0490 ,126.83 ,128.30 ,130.60 ,134.55 ,139.06 ,143.73 ,148.08 ,150.74 ,152.50 
125.5,0.0415 ,139.6220 ,0.0491 ,127.29 ,128.78 ,131.10 ,135.08 ,139.62 ,144.31 ,148.68 ,151.34 ,153.10 
126,0.0717 ,139.9020 ,0.0491 ,127.52 ,129.02 ,131.35 ,135.34 ,139.90 ,144.60 ,148.97 ,151.63 ,153.39 
126.5,0.1035 ,140.1840 ,0.0491 ,127.76 ,129.26 ,131.60 ,135.61 ,140.18 ,144.89 ,149.26 ,151.93 ,153.69 
127.5,0.1717 ,140.7500 ,0.0491 ,128.23 ,129.75 ,132.11 ,136.15 ,140.75 ,145.48 ,149.85 ,152.52 ,154.27 
128.5,0.2462 ,141.3180 ,0.0491 ,128.70 ,130.24 ,132.62 ,136.70 ,141.32 ,146.06 ,150.43 ,153.09 ,154.84 
129.5,0.3270 ,141.8880 ,0.0491 ,129.19 ,130.74 ,133.14 ,137.24 ,141.89 ,146.64 ,151.01 ,153.66 ,155.40 
130.5,0.4141 ,142.4600 ,0.0490 ,129.67 ,131.24 ,133.67 ,137.80 ,142.46 ,147.21 ,151.58 ,154.22 ,155.96 
131.5,0.5076 ,143.0320 ,0.0489 ,130.17 ,131.75 ,134.20 ,138.35 ,143.03 ,147.79 ,152.14 ,154.77 ,156.50 
132.5,0.6073 ,143.6040 ,0.0488 ,130.66 ,132.26 ,134.73 ,138.91 ,143.60 ,148.36 ,152.70 ,155.31 ,157.02 
133.5,0.7130 ,144.1750 ,0.0486 ,131.16 ,132.78 ,135.27 ,139.47 ,144.18 ,148.92 ,153.24 ,155.84 ,157.53 
134.5,0.8244 ,144.7440 ,0.0484 ,131.67 ,133.29 ,135.81 ,140.03 ,144.74 ,149.48 ,153.78 ,156.35 ,158.03 
135.5,0.9413 ,145.3110 ,0.0482 ,132.17 ,133.82 ,136.35 ,140.60 ,145.31 ,150.04 ,154.30 ,156.86 ,158.52 
136.5,1.0632 ,145.8740 ,0.0479 ,132.69 ,134.35 ,136.89 ,141.16 ,145.87 ,150.58 ,154.82 ,157.35 ,158.99 
137.5,1.1899 ,146.4320 ,0.0476 ,133.20 ,134.87 ,137.44 ,141.72 ,146.43 ,151.12 ,155.32 ,157.82 ,159.44 
138,1.2548 ,146.7100 ,0.0475 ,133.46 ,135.14 ,137.71 ,142.00 ,146.71 ,151.38 ,155.57 ,158.05 ,159.66 
138.5,1.3208 ,146.9850 ,0.0473 ,133.72 ,135.40 ,137.99 ,142.28 ,146.99 ,151.65 ,155.81 ,158.28 ,159.88 
139.5,1.4553 ,147.5320 ,0.0469 ,134.24 ,135.94 ,138.53 ,142.83 ,147.53 ,152.16 ,156.29 ,158.73 ,160.30 
140.5,1.5929 ,148.0710 ,0.0465 ,134.76 ,136.47 ,139.08 ,143.39 ,148.07 ,152.67 ,156.75 ,159.16 ,160.71 
141.5,1.7328 ,148.6030 ,0.0461 ,135.28 ,137.00 ,139.62 ,143.93 ,148.60 ,153.17 ,157.20 ,159.57 ,161.10 
142.5,1.8744 ,149.1250 ,0.0456 ,135.80 ,137.54 ,140.16 ,144.47 ,149.13 ,153.65 ,157.64 ,159.98 ,161.48 
143.5,2.0167 ,149.6370 ,0.0452 ,136.32 ,138.07 ,140.70 ,145.01 ,149.64 ,154.12 ,158.06 ,160.36 ,161.84 
144.5,2.1589 ,150.1390 ,0.0447 ,136.84 ,138.59 ,141.24 ,145.54 ,150.14 ,154.58 ,158.47 ,160.74 ,162.19 
145.5,2.2999 ,150.6290 ,0.0442 ,137.36 ,139.12 ,141.76 ,146.06 ,150.63 ,155.03 ,158.86 ,161.10 ,162.53 
146.5,2.4387 ,151.1060 ,0.0436 ,137.88 ,139.64 ,142.28 ,146.56 ,151.11 ,155.46 ,159.24 ,161.44 ,162.85 
147.5,2.5742 ,151.5710 ,0.0431 ,138.39 ,140.16 ,142.80 ,147.06 ,151.57 ,155.88 ,159.61 ,161.77 ,163.15 
148.5,2.7049 ,152.0220 ,0.0426 ,138.90 ,140.67 ,143.31 ,147.55 ,152.02 ,156.28 ,159.96 ,162.09 ,163.45 
149.5,2.8298 ,152.4590 ,0.0420 ,139.41 ,141.17 ,143.80 ,148.02 ,152.46 ,156.67 ,160.30 ,162.40 ,163.73 
150,2.8896 ,152.6720 ,0.0418 ,139.66 ,141.42 ,144.05 ,148.26 ,152.67 ,156.86 ,160.46 ,162.54 ,163.87 
150.5,2.9474 ,152.8810 ,0.0415 ,139.91 ,141.67 ,144.29 ,148.48 ,152.88 ,157.04 ,160.62 ,162.69 ,164.00 
151.5,3.0563 ,153.2880 ,0.0409 ,140.40 ,142.16 ,144.77 ,148.93 ,153.29 ,157.40 ,160.93 ,162.97 ,164.26 
152.5,3.1551 ,153.6790 ,0.0404 ,140.89 ,142.63 ,145.23 ,149.37 ,153.68 ,157.75 ,161.23 ,163.24 ,164.51 
153.5,3.2425 ,154.0550 ,0.0399 ,141.37 ,143.10 ,145.68 ,149.78 ,154.06 ,158.08 ,161.52 ,163.49 ,164.75 
154.5,3.3170 ,154.4140 ,0.0394 ,141.84 ,143.56 ,146.12 ,150.19 ,154.41 ,158.39 ,161.79 ,163.74 ,164.98 
155.5,3.3773 ,154.7580 ,0.0388 ,142.30 ,144.01 ,146.55 ,150.57 ,154.76 ,158.69 ,162.05 ,163.98 ,165.20 
156.5,3.4223 ,155.0850 ,0.0384 ,142.75 ,144.44 ,146.96 ,150.94 ,155.09 ,158.97 ,162.30 ,164.20 ,165.41 
157.5,3.4510 ,155.3960 ,0.0379 ,143.19 ,144.87 ,147.35 ,151.30 ,155.40 ,159.25 ,162.53 ,164.42 ,165.62 
158.5,3.4624 ,155.6900 ,0.0374 ,143.62 ,145.28 ,147.73 ,151.63 ,155.69 ,159.50 ,162.76 ,164.63 ,165.81 
159.5,3.4561 ,155.9690 ,0.0370 ,144.04 ,145.67 ,148.10 ,151.96 ,155.97 ,159.74 ,162.97 ,164.82 ,166.00 
160.5,3.4316 ,156.2330 ,0.0366 ,144.44 ,146.05 ,148.45 ,152.26 ,156.23 ,159.97 ,163.18 ,165.02 ,166.19 
161.5,3.3889 ,156.4810 ,0.0362 ,144.83 ,146.42 ,148.78 ,152.55 ,156.48 ,160.19 ,163.37 ,165.20 ,166.36 
162,3.3609 ,156.5990 ,0.0360 ,145.02 ,146.60 ,148.94 ,152.69 ,156.60 ,160.29 ,163.46 ,165.29 ,166.45 
162.5,3.3285 ,156.7140 ,0.0358 ,145.21 ,146.77 ,149.10 ,152.82 ,156.71 ,160.39 ,163.55 ,165.37 ,166.53 
163.5,3.2507 ,156.9320 ,0.0355 ,145.57 ,147.11 ,149.40 ,153.08 ,156.93 ,160.59 ,163.73 ,165.54 ,166.70 
164.5,3.1568 ,157.1370 ,0.0351 ,145.92 ,147.43 ,149.69 ,153.32 ,157.14 ,160.77 ,163.89 ,165.70 ,166.85 
165.5,3.0478 ,157.3290 ,0.0348 ,146.25 ,147.73 ,149.96 ,153.54 ,157.33 ,160.94 ,164.05 ,165.86 ,167.01 
166.5,2.9255 ,157.5080 ,0.0345 ,146.56 ,148.02 ,150.22 ,153.76 ,157.51 ,161.09 ,164.20 ,166.01 ,167.16 
167.5,2.7917 ,157.6750 ,0.0343 ,146.86 ,148.30 ,150.46 ,153.96 ,157.68 ,161.24 ,164.34 ,166.15 ,167.30 
168.5,2.6484 ,157.8310 ,0.0340 ,147.15 ,148.56 ,150.68 ,154.14 ,157.83 ,161.38 ,164.48 ,166.28 ,167.44 
169.5,2.4977 ,157.9760 ,0.0338 ,147.41 ,148.80 ,150.90 ,154.31 ,157.98 ,161.51 ,164.61 ,166.42 ,167.58 
170.5,2.3420 ,158.1120 ,0.0336 ,147.67 ,149.03 ,151.10 ,154.48 ,158.11 ,161.64 ,164.73 ,166.54 ,167.71 
171.5,2.1834 ,158.2380 ,0.0334 ,147.90 ,149.24 ,151.28 ,154.63 ,158.24 ,161.75 ,164.85 ,166.66 ,167.83 
172.5,2.0240 ,158.3560 ,0.0332 ,148.12 ,149.45 ,151.46 ,154.77 ,158.36 ,161.86 ,164.96 ,166.78 ,167.95 
173.5,1.8660 ,158.4660 ,0.0331 ,148.33 ,149.63 ,151.62 ,154.90 ,158.47 ,161.96 ,165.06 ,166.89 ,168.07 
174,1.7882 ,158.5190 ,0.0330 ,148.43 ,149.72 ,151.70 ,154.96 ,158.52 ,162.01 ,165.12 ,166.95 ,168.13 
174.5,1.7113 ,158.5700 ,0.0329 ,148.52 ,149.81 ,151.77 ,155.02 ,158.57 ,162.06 ,165.17 ,167.00 ,168.18 
175.5,1.5614 ,158.6660 ,0.0328 ,148.70 ,149.97 ,151.91 ,155.14 ,158.67 ,162.15 ,165.26 ,167.10 ,168.29 
176.5,1.4179 ,158.7570 ,0.0327 ,148.86 ,150.12 ,152.04 ,155.24 ,158.76 ,162.24 ,165.35 ,167.20 ,168.40 
177.5,1.2818 ,158.8430 ,0.0326 ,149.02 ,150.26 ,152.16 ,155.34 ,158.84 ,162.32 ,165.44 ,167.30 ,168.50 
178.5,1.1542 ,158.9230 ,0.0325 ,149.16 ,150.39 ,152.28 ,155.43 ,158.92 ,162.40 ,165.53 ,167.39 ,168.60 
179.5,1.0357 ,159.0000 ,0.0324 ,149.29 ,150.51 ,152.38 ,155.52 ,159.00 ,162.48 ,165.61 ,167.48 ,168.69 
180.5,0.9268 ,159.0720 ,0.0324 ,149.40 ,150.61 ,152.48 ,155.60 ,159.07 ,162.55 ,165.69 ,167.56 ,168.78 
181.5,0.8276 ,159.1410 ,0.0323 ,149.51 ,150.71 ,152.57 ,155.68 ,159.14 ,162.62 ,165.76 ,167.65 ,168.87 
182.5,0.7383 ,159.2060 ,0.0323 ,149.61 ,150.81 ,152.65 ,155.75 ,159.21 ,162.68 ,165.83 ,167.72 ,168.95 
183.5,0.6585 ,159.2690 ,0.0323 ,149.70 ,150.89 ,152.73 ,155.82 ,159.27 ,162.75 ,165.90 ,167.80 ,169.03 
184.5,0.5881 ,159.3290 ,0.0322 ,149.79 ,150.97 ,152.80 ,155.88 ,159.33 ,162.81 ,165.97 ,167.87 ,169.11 
185.5,0.5266 ,159.3870 ,0.0322 ,149.86 ,151.04 ,152.87 ,155.94 ,159.39 ,162.87 ,166.04 ,167.94 ,169.19 
186,0.4990 ,159.4150 ,0.0322 ,149.90 ,151.08 ,152.90 ,155.97 ,159.42 ,162.90 ,166.07 ,167.98 ,169.22 
186.5,0.4735 ,159.4430 ,0.0322 ,149.94 ,151.11 ,152.93 ,156.00 ,159.44 ,162.92 ,166.10 ,168.01 ,169.26 
187.5,0.4281 ,159.4970 ,0.0322 ,150.00 ,151.17 ,152.99 ,156.06 ,159.50 ,162.98 ,166.16 ,168.08 ,169.33 
188.5,0.3898 ,159.5490 ,0.0322 ,150.06 ,151.23 ,153.05 ,156.11 ,159.55 ,163.03 ,166.22 ,168.14 ,169.39 
189.5,0.3579 ,159.6000 ,0.0322 ,150.12 ,151.29 ,153.10 ,156.16 ,159.60 ,163.09 ,166.28 ,168.20 ,169.46 
190.5,0.3317 ,159.6490 ,0.0322 ,150.17 ,151.34 ,153.15 ,156.21 ,159.65 ,163.14 ,166.33 ,168.26 ,169.52 
191.5,0.3104 ,159.6970 ,0.0322 ,150.22 ,151.39 ,153.20 ,156.26 ,159.70 ,163.19 ,166.38 ,168.31 ,169.57 
192.5,0.2934 ,159.7440 ,0.0322 ,150.27 ,151.44 ,153.24 ,156.30 ,159.74 ,163.24 ,166.44 ,168.37 ,169.63 
193.5,0.2798 ,159.7900 ,0.0322 ,150.32 ,151.48 ,153.29 ,156.35 ,159.79 ,163.29 ,166.49 ,168.42 ,169.69 
194.5,0.2691 ,159.8340 ,0.0322 ,150.36 ,151.53 ,153.33 ,156.39 ,159.83 ,163.33 ,166.54 ,168.47 ,169.74 
195.5,0.2606 ,159.8780 ,0.0322 ,150.40 ,151.57 ,153.37 ,156.43 ,159.88 ,163.38 ,166.58 ,168.52 ,169.79 
196.5,0.2536 ,159.9210 ,0.0322 ,150.45 ,151.61 ,153.42 ,156.48 ,159.92 ,163.42 ,166.63 ,168.57 ,169.84 
197.5,0.2476 ,159.9630 ,0.0322 ,150.49 ,151.65 ,153.46 ,156.52 ,159.96 ,163.47 ,166.67 ,168.61 ,169.88 
198,0.2448 ,159.9840 ,0.0322 ,150.51 ,151.67 ,153.48 ,156.54 ,159.98 ,163.49 ,166.70 ,168.64 ,169.90 
198.5,0.2420 ,160.0040 ,0.0322 ,150.53 ,151.69 ,153.50 ,156.56 ,160.00 ,163.51 ,166.72 ,168.66 ,169.93 
199.5,0.2364 ,160.0450 ,0.0322 ,150.57 ,151.73 ,153.54 ,156.60 ,160.05 ,163.55 ,166.76 ,168.70 ,169.97 
200.5,0.2302 ,160.0840 ,0.0322 ,150.61 ,151.77 ,153.58 ,156.64 ,160.08 ,163.59 ,166.80 ,168.74 ,170.01 
201.5,0.2231 ,160.1230 ,0.0322 ,150.65 ,151.81 ,153.62 ,156.68 ,160.12 ,163.63 ,166.84 ,168.78 ,170.05 
202.5,0.2148 ,160.1610 ,0.0322 ,150.69 ,151.85 ,153.66 ,156.72 ,160.16 ,163.67 ,166.88 ,168.82 ,170.09 
203.5,0.2048 ,160.1980 ,0.0322 ,150.73 ,151.89 ,153.70 ,156.75 ,160.20 ,163.70 ,166.92 ,168.86 ,170.13 
204.5,0.1929 ,160.2340 ,0.0322 ,150.77 ,151.94 ,153.74 ,156.79 ,160.23 ,163.74 ,166.95 ,168.89 ,170.17 
205.5,0.1788 ,160.2700 ,0.0321 ,150.82 ,151.98 ,153.78 ,156.83 ,160.27 ,163.77 ,166.99 ,168.93 ,170.20 
206.5,0.1625 ,160.3050 ,0.0321 ,150.86 ,152.02 ,153.82 ,156.87 ,160.31 ,163.81 ,167.02 ,168.97 ,170.24 
207.5,0.1435 ,160.3390 ,0.0321 ,150.91 ,152.06 ,153.86 ,156.90 ,160.34 ,163.84 ,167.05 ,169.00 ,170.27 
208.5,0.1220 ,160.3720 ,0.0321 ,150.95 ,152.10 ,153.90 ,156.94 ,160.37 ,163.87 ,167.09 ,169.03 ,170.31 
209.5,0.0976 ,160.4040 ,0.0320 ,151.00 ,152.15 ,153.94 ,156.97 ,160.40 ,163.90 ,167.12 ,169.06 ,170.34 
210,0.0844 ,160.4200 ,0.0320 ,151.02 ,152.17 ,153.96 ,156.99 ,160.42 ,163.92 ,167.13 ,169.08 ,170.35 
210.5,0.0704 ,160.4360 ,0.0320 ,151.04 ,152.19 ,153.98 ,157.01 ,160.44 ,163.93 ,167.15 ,169.09 ,170.37 
211.5,0.0403 ,160.4660 ,0.0320 ,151.09 ,152.24 ,154.02 ,157.04 ,160.47 ,163.96 ,167.17 ,169.12 ,170.40 
212.5,0.0073 ,160.4960 ,0.0319 ,151.14 ,152.28 ,154.06 ,157.08 ,160.50 ,163.99 ,167.20 ,169.15 ,170.43 
213.5,-0.0286 ,160.5250 ,0.0319 ,151.18 ,152.33 ,154.10 ,157.11 ,160.53 ,164.01 ,167.23 ,169.18 ,170.46 
214.5,-0.0673 ,160.5540 ,0.0319 ,151.23 ,152.37 ,154.14 ,157.15 ,160.55 ,164.04 ,167.26 ,169.21 ,170.49 
215.5,-0.1090 ,160.5810 ,0.0318 ,151.28 ,152.42 ,154.18 ,157.18 ,160.58 ,164.07 ,167.28 ,169.23 ,170.52 
216.5,-0.1534 ,160.6080 ,0.0318 ,151.33 ,152.46 ,154.22 ,157.21 ,160.61 ,164.09 ,167.31 ,169.26 ,170.55 
217.5,-0.2005 ,160.6340 ,0.0317 ,151.38 ,152.51 ,154.26 ,157.24 ,160.63 ,164.11 ,167.33 ,169.29 ,170.57 
218.5,-0.2502 ,160.6590 ,0.0317 ,151.43 ,152.55 ,154.30 ,157.27 ,160.66 ,164.14 ,167.35 ,169.31 ,170.60 
219.5,-0.3024 ,160.6830 ,0.0316 ,151.48 ,152.60 ,154.34 ,157.30 ,160.68 ,164.16 ,167.37 ,169.33 ,170.62 
220.5,-0.3570 ,160.7070 ,0.0316 ,151.53 ,152.64 ,154.38 ,157.34 ,160.71 ,164.18 ,167.40 ,169.36 ,170.65 
221.5,-0.4138 ,160.7300 ,0.0315 ,151.58 ,152.69 ,154.42 ,157.37 ,160.73 ,164.20 ,167.42 ,169.38 ,170.68 
222,-0.4430 ,160.7410 ,0.0315 ,151.61 ,152.71 ,154.43 ,157.38 ,160.74 ,164.21 ,167.43 ,169.39 ,170.69 
