0,-0.3655 ,3.4055 ,0.1556 ,2.58 ,2.67 ,2.81 ,3.07 ,3.41 ,3.79 ,4.19 ,4.46 ,4.64 
0.5,-0.0171 ,4.4859 ,0.1362 ,3.47 ,3.59 ,3.77 ,4.09 ,4.49 ,4.92 ,5.34 ,5.61 ,5.80 
1.5,0.3075 ,5.6751 ,0.1239 ,4.46 ,4.60 ,4.82 ,5.21 ,5.68 ,6.16 ,6.63 ,6.92 ,7.11 
2.5,0.4371 ,6.4472 ,0.1189 ,5.10 ,5.25 ,5.51 ,5.94 ,6.45 ,6.98 ,7.47 ,7.78 ,7.98 
3.5,0.4884 ,7.0429 ,0.1162 ,5.59 ,5.76 ,6.03 ,6.50 ,7.04 ,7.61 ,8.13 ,8.46 ,8.67 
4.5,0.5014 ,7.5392 ,0.1145 ,6.00 ,6.19 ,6.47 ,6.97 ,7.54 ,8.13 ,8.69 ,9.03 ,9.25 
5.5,0.4935 ,7.9710 ,0.1134 ,6.36 ,6.55 ,6.85 ,7.37 ,7.97 ,8.59 ,9.17 ,9.53 ,9.76 
6.5,0.4734 ,8.3574 ,0.1126 ,6.69 ,6.88 ,7.20 ,7.74 ,8.36 ,9.00 ,9.61 ,9.98 ,10.23 
7.5,0.4460 ,8.7098 ,0.1121 ,6.98 ,7.19 ,7.51 ,8.07 ,8.71 ,9.38 ,10.01 ,10.40 ,10.65 
8.5,0.4143 ,9.0358 ,0.1117 ,7.25 ,7.46 ,7.80 ,8.37 ,9.04 ,9.73 ,10.38 ,10.79 ,11.05 
9.5,0.3800 ,9.3405 ,0.1114 ,7.51 ,7.73 ,8.07 ,8.66 ,9.34 ,10.06 ,10.73 ,11.15 ,11.43 
10.5,0.3444 ,9.6277 ,0.1112 ,7.75 ,7.97 ,8.32 ,8.92 ,9.63 ,10.37 ,11.06 ,11.50 ,11.78 
11.5,0.3081 ,9.9002 ,0.1110 ,7.98 ,8.20 ,8.56 ,9.18 ,9.90 ,10.66 ,11.38 ,11.82 ,12.12 
12.5,0.2717 ,10.1602 ,0.1109 ,8.20 ,8.43 ,8.79 ,9.42 ,10.16 ,10.94 ,11.68 ,12.14 ,12.45 
13.5,0.2355 ,10.4094 ,0.1108 ,8.41 ,8.64 ,9.01 ,9.65 ,10.41 ,11.21 ,11.97 ,12.44 ,12.76 
14.5,0.1998 ,10.6490 ,0.1107 ,8.61 ,8.85 ,9.22 ,9.88 ,10.65 ,11.47 ,12.25 ,12.74 ,13.06 
15.5,0.1647 ,10.8803 ,0.1107 ,8.80 ,9.04 ,9.42 ,10.09 ,10.88 ,11.72 ,12.52 ,13.02 ,13.35 
16.5,0.1303 ,11.1041 ,0.1107 ,8.99 ,9.24 ,9.62 ,10.30 ,11.10 ,11.96 ,12.78 ,13.29 ,13.64 
17.5,0.0966 ,11.3213 ,0.1107 ,9.17 ,9.42 ,9.81 ,10.50 ,11.32 ,12.19 ,13.03 ,13.56 ,13.91 
18.5,0.0638 ,11.5323 ,0.1107 ,9.35 ,9.60 ,10.00 ,10.70 ,11.53 ,12.42 ,13.28 ,13.82 ,14.18 
19.5,0.0318 ,11.7379 ,0.1107 ,9.52 ,9.78 ,10.18 ,10.89 ,11.74 ,12.65 ,13.52 ,14.08 ,14.45 
20.5,0.0007 ,11.9384 ,0.1107 ,9.69 ,9.95 ,10.36 ,11.08 ,11.94 ,12.86 ,13.76 ,14.32 ,14.70 
21.5,-0.0296 ,12.1343 ,0.1108 ,9.86 ,10.12 ,10.53 ,11.26 ,12.13 ,13.08 ,13.99 ,14.57 ,14.95 
22.5,-0.0591 ,12.3259 ,0.1108 ,10.02 ,10.28 ,10.70 ,11.44 ,12.33 ,13.28 ,14.22 ,14.80 ,15.20 
23.5,-0.0878 ,12.5136 ,0.1108 ,10.18 ,10.44 ,10.87 ,11.62 ,12.51 ,13.49 ,14.44 ,15.04 ,15.44 
24.5,-0.1185 ,12.6994 ,0.1109 ,10.34 ,10.60 ,11.03 ,11.79 ,12.70 ,13.69 ,14.66 ,15.27 ,15.68 
25.5,-0.1503 ,12.8797 ,0.1109 ,10.49 ,10.76 ,11.19 ,11.96 ,12.88 ,13.88 ,14.87 ,15.50 ,15.92 
26.5,-0.1796 ,13.0524 ,0.1109 ,10.64 ,10.91 ,11.34 ,12.12 ,13.05 ,14.07 ,15.07 ,15.71 ,16.14 
27,-0.1933 ,13.1360 ,0.1109 ,10.71 ,10.98 ,11.42 ,12.20 ,13.14 ,14.16 ,15.17 ,15.82 ,16.25 
27.5,-0.2055 ,13.2187 ,0.1109 ,10.78 ,11.05 ,11.49 ,12.27 ,13.22 ,14.25 ,15.27 ,15.92 ,16.36 
28.5,-0.2301 ,13.3769 ,0.1109 ,10.91 ,11.19 ,11.63 ,12.42 ,13.38 ,14.42 ,15.46 ,16.12 ,16.56 
29.5,-0.2512 ,13.5303 ,0.1109 ,11.04 ,11.32 ,11.77 ,12.56 ,13.53 ,14.59 ,15.64 ,16.31 ,16.76 
30.5,-0.2695 ,13.6790 ,0.1110 ,11.16 ,11.45 ,11.90 ,12.70 ,13.68 ,14.75 ,15.81 ,16.50 ,16.96 
31.5,-0.2854 ,13.8237 ,0.1111 ,11.28 ,11.57 ,12.02 ,12.84 ,13.82 ,14.91 ,15.99 ,16.68 ,17.15 
32.5,-0.2993 ,13.9656 ,0.1112 ,11.40 ,11.69 ,12.15 ,12.97 ,13.97 ,15.07 ,16.16 ,16.86 ,17.33 
33,-0.3056 ,14.0357 ,0.1113 ,11.46 ,11.75 ,12.21 ,13.03 ,14.04 ,15.14 ,16.24 ,16.94 ,17.42 
33.5,-0.3117 ,14.1056 ,0.1113 ,11.52 ,11.80 ,12.27 ,13.10 ,14.11 ,15.22 ,16.32 ,17.03 ,17.52 
34.5,-0.3231 ,14.2447 ,0.1115 ,11.63 ,11.92 ,12.39 ,13.23 ,14.24 ,15.37 ,16.49 ,17.21 ,17.70 
35.5,-0.3344 ,14.3839 ,0.1118 ,11.74 ,12.03 ,12.51 ,13.35 ,14.38 ,15.52 ,16.66 ,17.39 ,17.89 
36.5,-0.3484 ,14.5310 ,0.1121 ,11.86 ,12.15 ,12.63 ,13.49 ,14.53 ,15.69 ,16.84 ,17.58 ,18.09 
37.5,-0.3661 ,14.6865 ,0.1123 ,11.98 ,12.28 ,12.76 ,13.63 ,14.69 ,15.86 ,17.03 ,17.78 ,18.30 
38.5,-0.3859 ,14.8438 ,0.1126 ,12.11 ,12.41 ,12.90 ,13.77 ,14.84 ,16.03 ,17.22 ,17.99 ,18.52 
39,-0.3967 ,14.9232 ,0.1128 ,12.17 ,12.48 ,12.97 ,13.85 ,14.92 ,16.12 ,17.32 ,18.10 ,18.63 
39.5,-0.4080 ,15.0030 ,0.1130 ,12.24 ,12.54 ,13.03 ,13.92 ,15.00 ,16.21 ,17.42 ,18.20 ,18.74 
40.5,-0.4326 ,15.1642 ,0.1133 ,12.37 ,12.68 ,13.17 ,14.07 ,15.16 ,16.39 ,17.62 ,18.42 ,18.96 
41.5,-0.4597 ,15.3273 ,0.1137 ,12.50 ,12.81 ,13.31 ,14.22 ,15.33 ,16.57 ,17.82 ,18.64 ,19.20 
42.5,-0.4894 ,15.4923 ,0.1141 ,12.63 ,12.95 ,13.45 ,14.37 ,15.49 ,16.76 ,18.03 ,18.86 ,19.43 
43.5,-0.5218 ,15.6592 ,0.1145 ,12.77 ,13.08 ,13.59 ,14.52 ,15.66 ,16.94 ,18.24 ,19.09 ,19.68 
44.5,-0.5567 ,15.8281 ,0.1149 ,12.91 ,13.22 ,13.74 ,14.67 ,15.83 ,17.13 ,18.46 ,19.33 ,19.93 
45,-0.5751 ,15.9132 ,0.1152 ,12.97 ,13.29 ,13.81 ,14.75 ,15.91 ,17.23 ,18.57 ,19.45 ,20.06 
45.5,-0.5941 ,15.9987 ,0.1154 ,13.04 ,13.36 ,13.88 ,14.83 ,16.00 ,17.32 ,18.68 ,19.57 ,20.18 
46.5,-0.6338 ,16.1712 ,0.1159 ,13.18 ,13.51 ,14.03 ,14.98 ,16.17 ,17.52 ,18.90 ,19.81 ,20.45 
47.5,-0.6758 ,16.3453 ,0.1164 ,13.33 ,13.65 ,14.18 ,15.14 ,16.35 ,17.72 ,19.13 ,20.06 ,20.72 
48.5,-0.7197 ,16.5211 ,0.1169 ,13.47 ,13.80 ,14.33 ,15.30 ,16.52 ,17.92 ,19.36 ,20.32 ,20.99 
49.5,-0.7654 ,16.6984 ,0.1175 ,13.61 ,13.94 ,14.48 ,15.46 ,16.70 ,18.12 ,19.60 ,20.58 ,21.27 
50.5,-0.8125 ,16.8773 ,0.1180 ,13.76 ,14.09 ,14.63 ,15.63 ,16.88 ,18.32 ,19.83 ,20.85 ,21.56 
51,-0.8366 ,16.9672 ,0.1183 ,13.83 ,14.17 ,14.71 ,15.71 ,16.97 ,18.43 ,19.96 ,20.98 ,21.71 
51.5,-0.8609 ,17.0576 ,0.1186 ,13.91 ,14.24 ,14.79 ,15.79 ,17.06 ,18.53 ,20.08 ,21.12 ,21.85 
52.5,-0.9101 ,17.2392 ,0.1192 ,14.06 ,14.39 ,14.94 ,15.95 ,17.24 ,18.74 ,20.32 ,21.40 ,22.15 
53.5,-0.9599 ,17.4221 ,0.1199 ,14.21 ,14.54 ,15.10 ,16.12 ,17.42 ,18.95 ,20.57 ,21.68 ,22.46 
54.5,-1.0099 ,17.6063 ,0.1205 ,14.36 ,14.70 ,15.25 ,16.28 ,17.61 ,19.16 ,20.83 ,21.96 ,22.77 
55.5,-1.0598 ,17.7916 ,0.1212 ,14.51 ,14.85 ,15.41 ,16.45 ,17.79 ,19.38 ,21.08 ,22.26 ,23.09 
56.5,-1.1093 ,17.9781 ,0.1218 ,14.66 ,15.00 ,15.57 ,16.62 ,17.98 ,19.59 ,21.34 ,22.55 ,23.42 
57,-1.1337 ,18.0718 ,0.1222 ,14.73 ,15.08 ,15.65 ,16.70 ,18.07 ,19.70 ,21.47 ,22.70 ,23.58 
57.5,-1.1579 ,18.1657 ,0.1225 ,14.81 ,15.16 ,15.72 ,16.79 ,18.17 ,19.81 ,21.60 ,22.85 ,23.75 
58.5,-1.2055 ,18.3543 ,0.1232 ,14.96 ,15.31 ,15.88 ,16.96 ,18.35 ,20.03 ,21.87 ,23.16 ,24.09 
59.5,-1.2516 ,18.5439 ,0.1240 ,15.11 ,15.46 ,16.04 ,17.13 ,18.54 ,20.25 ,22.14 ,23.47 ,24.43 
60.5,-1.2961 ,18.7345 ,0.1247 ,15.26 ,15.62 ,16.20 ,17.30 ,18.73 ,20.48 ,22.41 ,23.78 ,24.78 
61.5,-1.3387 ,18.9260 ,0.1255 ,15.42 ,15.77 ,16.36 ,17.47 ,18.93 ,20.70 ,22.69 ,24.10 ,25.13 
62.5,-1.3791 ,19.1185 ,0.1263 ,15.57 ,15.93 ,16.52 ,17.64 ,19.12 ,20.93 ,22.96 ,24.42 ,25.49 
63,-1.3984 ,19.2151 ,0.1267 ,15.64 ,16.00 ,16.60 ,17.73 ,19.22 ,21.04 ,23.10 ,24.58 ,25.68 
63.5,-1.4172 ,19.3119 ,0.1271 ,15.72 ,16.08 ,16.68 ,17.81 ,19.31 ,21.16 ,23.24 ,24.75 ,25.86 
64.5,-1.4527 ,19.5062 ,0.1279 ,15.87 ,16.23 ,16.84 ,17.98 ,19.51 ,21.39 ,23.53 ,25.08 ,26.23 
65.5,-1.4856 ,19.7014 ,0.1288 ,16.02 ,16.39 ,17.00 ,18.16 ,19.70 ,21.62 ,23.81 ,25.41 ,26.60 
66.5,-1.5158 ,19.8975 ,0.1297 ,16.17 ,16.54 ,17.16 ,18.33 ,19.90 ,21.85 ,24.10 ,25.75 ,26.98 
67.5,-1.5431 ,20.0945 ,0.1306 ,16.32 ,16.69 ,17.31 ,18.50 ,20.09 ,22.09 ,24.39 ,26.09 ,27.37 
68.5,-1.5675 ,20.2924 ,0.1316 ,16.46 ,16.84 ,17.47 ,18.68 ,20.29 ,22.33 ,24.68 ,26.43 ,27.75 
69,-1.5787 ,20.3917 ,0.1320 ,16.54 ,16.92 ,17.55 ,18.76 ,20.39 ,22.44 ,24.83 ,26.61 ,27.95 
69.5,-1.5891 ,20.4913 ,0.1325 ,16.61 ,16.99 ,17.63 ,18.85 ,20.49 ,22.56 ,24.98 ,26.78 ,28.15 
70.5,-1.6076 ,20.6910 ,0.1336 ,16.75 ,17.14 ,17.79 ,19.02 ,20.69 ,22.80 ,25.28 ,27.13 ,28.54 
71.5,-1.6233 ,20.8917 ,0.1346 ,16.90 ,17.29 ,17.94 ,19.20 ,20.89 ,23.05 ,25.58 ,27.49 ,28.94 
72.5,-1.6361 ,21.0935 ,0.1357 ,17.04 ,17.44 ,18.10 ,19.37 ,21.09 ,23.29 ,25.88 ,27.84 ,29.35 
73.5,-1.6461 ,21.2962 ,0.1368 ,17.18 ,17.59 ,18.26 ,19.54 ,21.30 ,23.54 ,26.19 ,28.21 ,29.76 
74.5,-1.6533 ,21.4999 ,0.1379 ,17.33 ,17.73 ,18.41 ,19.72 ,21.50 ,23.78 ,26.50 ,28.57 ,30.17 
75,-1.6559 ,21.6022 ,0.1385 ,17.40 ,17.81 ,18.49 ,19.81 ,21.60 ,23.91 ,26.66 ,28.75 ,30.38 
75.5,-1.6578 ,21.7048 ,0.1391 ,17.47 ,17.88 ,18.57 ,19.89 ,21.70 ,24.03 ,26.81 ,28.94 ,30.58 
76.5,-1.6598 ,21.9108 ,0.1403 ,17.60 ,18.02 ,18.72 ,20.07 ,21.91 ,24.28 ,27.13 ,29.31 ,31.00 
77.5,-1.6592 ,22.1180 ,0.1415 ,17.74 ,18.17 ,18.87 ,20.24 ,22.12 ,24.54 ,27.45 ,29.68 ,31.42 
78.5,-1.6562 ,22.3264 ,0.1428 ,17.88 ,18.31 ,19.03 ,20.42 ,22.33 ,24.79 ,27.77 ,30.06 ,31.85 
79.5,-1.6510 ,22.5361 ,0.1441 ,18.01 ,18.45 ,19.18 ,20.60 ,22.54 ,25.05 ,28.09 ,30.44 ,32.28 
80.5,-1.6436 ,22.7472 ,0.1454 ,18.15 ,18.59 ,19.33 ,20.77 ,22.75 ,25.31 ,28.42 ,30.82 ,32.71 
81,-1.6391 ,22.8533 ,0.1461 ,18.21 ,18.66 ,19.41 ,20.86 ,22.85 ,25.44 ,28.58 ,31.02 ,32.93 
81.5,-1.6341 ,22.9598 ,0.1468 ,18.28 ,18.73 ,19.49 ,20.95 ,22.96 ,25.58 ,28.75 ,31.21 ,33.14 
82.5,-1.6226 ,23.1739 ,0.1482 ,18.41 ,18.87 ,19.64 ,21.13 ,23.17 ,25.84 ,29.08 ,31.60 ,33.58 
83.5,-1.6093 ,23.3897 ,0.1496 ,18.55 ,19.01 ,19.79 ,21.30 ,23.39 ,26.11 ,29.42 ,31.99 ,34.02 
84.5,-1.5942 ,23.6071 ,0.1510 ,18.68 ,19.15 ,19.94 ,21.48 ,23.61 ,26.38 ,29.76 ,32.39 ,34.46 
85.5,-1.5776 ,23.8264 ,0.1525 ,18.81 ,19.29 ,20.09 ,21.66 ,23.83 ,26.65 ,30.10 ,32.79 ,34.91 
86.5,-1.5594 ,24.0475 ,0.1540 ,18.93 ,19.42 ,20.25 ,21.84 ,24.05 ,26.93 ,30.45 ,33.19 ,35.35 
87.5,-1.5398 ,24.2707 ,0.1555 ,19.06 ,19.56 ,20.40 ,22.02 ,24.27 ,27.21 ,30.80 ,33.60 ,35.80 
88.5,-1.5189 ,24.4960 ,0.1571 ,19.19 ,19.70 ,20.55 ,22.21 ,24.50 ,27.49 ,31.15 ,34.01 ,36.26 
89.5,-1.4968 ,24.7236 ,0.1586 ,19.32 ,19.84 ,20.70 ,22.39 ,24.72 ,27.78 ,31.51 ,34.42 ,36.71 
90,-1.4854 ,24.8382 ,0.1594 ,19.38 ,19.90 ,20.78 ,22.48 ,24.84 ,27.92 ,31.69 ,34.63 ,36.94 
90.5,-1.4736 ,24.9535 ,0.1602 ,19.45 ,19.97 ,20.85 ,22.57 ,24.95 ,28.07 ,31.87 ,34.84 ,37.17 
91.5,-1.4494 ,25.1858 ,0.1618 ,19.57 ,20.11 ,21.01 ,22.76 ,25.19 ,28.36 ,32.23 ,35.25 ,37.63 
92.5,-1.4243 ,25.4208 ,0.1634 ,19.70 ,20.25 ,21.16 ,22.95 ,25.42 ,28.66 ,32.60 ,35.68 ,38.09 
93.5,-1.3983 ,25.6584 ,0.1651 ,19.83 ,20.38 ,21.32 ,23.14 ,25.66 ,28.96 ,32.98 ,36.10 ,38.56 
94.5,-1.3717 ,25.8989 ,0.1667 ,19.95 ,20.52 ,21.47 ,23.33 ,25.90 ,29.26 ,33.35 ,36.53 ,39.02 
95.5,-1.3443 ,26.1423 ,0.1684 ,20.08 ,20.66 ,21.63 ,23.52 ,26.14 ,29.57 ,33.73 ,36.97 ,39.49 
96.5,-1.3164 ,26.3888 ,0.1700 ,20.21 ,20.80 ,21.79 ,23.72 ,26.39 ,29.88 ,34.12 ,37.40 ,39.97 
97.5,-1.2879 ,26.6385 ,0.1717 ,20.33 ,20.94 ,21.95 ,23.91 ,26.64 ,30.19 ,34.51 ,37.84 ,40.44 
98.5,-1.2590 ,26.8916 ,0.1734 ,20.46 ,21.08 ,22.11 ,24.11 ,26.89 ,30.51 ,34.90 ,38.29 ,40.92 
99.5,-1.2297 ,27.1480 ,0.1750 ,20.59 ,21.22 ,22.27 ,24.32 ,27.15 ,30.84 ,35.30 ,38.73 ,41.40 
100.5,-1.2002 ,27.4080 ,0.1767 ,20.72 ,21.36 ,22.43 ,24.52 ,27.41 ,31.17 ,35.70 ,39.19 ,41.89 
101.5,-1.1704 ,27.6717 ,0.1784 ,20.85 ,21.50 ,22.60 ,24.73 ,27.67 ,31.50 ,36.11 ,39.64 ,42.37 
102,-1.1554 ,27.8050 ,0.1792 ,20.92 ,21.57 ,22.68 ,24.83 ,27.81 ,31.67 ,36.31 ,39.87 ,42.62 
102.5,-1.1404 ,27.9392 ,0.1800 ,20.98 ,21.65 ,22.76 ,24.94 ,27.94 ,31.84 ,36.52 ,40.10 ,42.86 
103.5,-1.1103 ,28.2106 ,0.1817 ,21.12 ,21.79 ,22.93 ,25.15 ,28.21 ,32.18 ,36.94 ,40.56 ,43.35 
104.5,-1.0801 ,28.4860 ,0.1833 ,21.25 ,21.94 ,23.10 ,25.37 ,28.49 ,32.53 ,37.36 ,41.03 ,43.85 
105.5,-1.0499 ,28.7655 ,0.1849 ,21.38 ,22.09 ,23.28 ,25.59 ,28.77 ,32.88 ,37.78 ,41.50 ,44.35 
106.5,-1.0197 ,29.0492 ,0.1865 ,21.52 ,22.24 ,23.45 ,25.81 ,29.05 ,33.23 ,38.21 ,41.97 ,44.85 
107.5,-0.9897 ,29.3371 ,0.1881 ,21.66 ,22.40 ,23.63 ,26.03 ,29.34 ,33.59 ,38.64 ,42.45 ,45.35 
108.5,-0.9597 ,29.6295 ,0.1897 ,21.80 ,22.55 ,23.81 ,26.26 ,29.63 ,33.96 ,39.08 ,42.93 ,45.86 
109.5,-0.9299 ,29.9263 ,0.1912 ,21.94 ,22.71 ,24.00 ,26.50 ,29.93 ,34.33 ,39.53 ,43.42 ,46.37 
110.5,-0.9003 ,30.2276 ,0.1928 ,22.09 ,22.87 ,24.18 ,26.73 ,30.23 ,34.71 ,39.97 ,43.91 ,46.88 
111.5,-0.8710 ,30.5335 ,0.1942 ,22.23 ,23.03 ,24.37 ,26.97 ,30.53 ,35.09 ,40.43 ,44.40 ,47.40 
112.5,-0.8419 ,30.8440 ,0.1957 ,22.38 ,23.20 ,24.57 ,27.22 ,30.84 ,35.47 ,40.88 ,44.90 ,47.92 
113.5,-0.8132 ,31.1592 ,0.1971 ,22.53 ,23.37 ,24.76 ,27.47 ,31.16 ,35.86 ,41.35 ,45.40 ,48.44 
114,-0.7989 ,31.3186 ,0.1978 ,22.61 ,23.45 ,24.86 ,27.59 ,31.32 ,36.06 ,41.58 ,45.65 ,48.70 
114.5,-0.7848 ,31.4791 ,0.1985 ,22.69 ,23.54 ,24.96 ,27.72 ,31.48 ,36.26 ,41.81 ,45.90 ,48.97 
115.5,-0.7568 ,31.8038 ,0.1998 ,22.85 ,23.71 ,25.16 ,27.98 ,31.80 ,36.66 ,42.28 ,46.41 ,49.50 
116.5,-0.7292 ,32.1332 ,0.2012 ,23.01 ,23.89 ,25.37 ,28.24 ,32.13 ,37.06 ,42.76 ,46.93 ,50.03 
117.5,-0.7020 ,32.4675 ,0.2024 ,23.17 ,24.07 ,25.58 ,28.50 ,32.47 ,37.47 ,43.24 ,47.44 ,50.57 
118.5,-0.6753 ,32.8065 ,0.2036 ,23.34 ,24.26 ,25.80 ,28.77 ,32.81 ,37.89 ,43.72 ,47.96 ,51.10 
119.5,-0.6491 ,33.1503 ,0.2048 ,23.50 ,24.44 ,26.01 ,29.04 ,33.15 ,38.31 ,44.21 ,48.49 ,51.65 
120.5,-0.6235 ,33.4988 ,0.2060 ,23.68 ,24.63 ,26.23 ,29.32 ,33.50 ,38.73 ,44.70 ,49.01 ,52.19 
121.5,-0.5983 ,33.8521 ,0.2070 ,23.85 ,24.83 ,26.46 ,29.61 ,33.85 ,39.16 ,45.20 ,49.54 ,52.74 
122.5,-0.5737 ,34.2101 ,0.2081 ,24.03 ,25.03 ,26.69 ,29.89 ,34.21 ,39.60 ,45.70 ,50.08 ,53.29 
123.5,-0.5497 ,34.5728 ,0.2091 ,24.22 ,25.23 ,26.92 ,30.19 ,34.57 ,40.03 ,46.20 ,50.62 ,53.85 
124.5,-0.5263 ,34.9400 ,0.2100 ,24.40 ,25.44 ,27.16 ,30.48 ,34.94 ,40.48 ,46.71 ,51.16 ,54.40 
125.5,-0.5034 ,35.3118 ,0.2109 ,24.60 ,25.65 ,27.41 ,30.78 ,35.31 ,40.92 ,47.22 ,51.70 ,54.96 
126,-0.4923 ,35.4993 ,0.2113 ,24.69 ,25.76 ,27.53 ,30.93 ,35.50 ,41.15 ,47.48 ,51.97 ,55.25 
126.5,-0.4813 ,35.6880 ,0.2117 ,24.79 ,25.86 ,27.65 ,31.09 ,35.69 ,41.37 ,47.73 ,52.25 ,55.53 
127.5,-0.4597 ,36.0686 ,0.2125 ,24.99 ,26.08 ,27.90 ,31.40 ,36.07 ,41.83 ,48.25 ,52.80 ,56.09 
128.5,-0.4388 ,36.4535 ,0.2132 ,25.19 ,26.31 ,28.16 ,31.71 ,36.45 ,42.29 ,48.77 ,53.35 ,56.66 
129.5,-0.4186 ,36.8425 ,0.2139 ,25.40 ,26.53 ,28.42 ,32.03 ,36.84 ,42.75 ,49.30 ,53.90 ,57.23 
130.5,-0.3990 ,37.2356 ,0.2145 ,25.62 ,26.77 ,28.69 ,32.35 ,37.24 ,43.21 ,49.82 ,54.46 ,57.81 
131.5,-0.3802 ,37.6326 ,0.2150 ,25.83 ,27.00 ,28.95 ,32.68 ,37.63 ,43.68 ,50.35 ,55.02 ,58.38 
132.5,-0.3620 ,38.0335 ,0.2155 ,26.05 ,27.25 ,29.23 ,33.01 ,38.03 ,44.15 ,50.89 ,55.58 ,58.96 
133.5,-0.3446 ,38.4380 ,0.2160 ,26.28 ,27.49 ,29.51 ,33.35 ,38.44 ,44.63 ,51.42 ,56.15 ,59.54 
134.5,-0.3279 ,38.8460 ,0.2164 ,26.51 ,27.74 ,29.79 ,33.69 ,38.85 ,45.11 ,51.96 ,56.71 ,60.12 
135.5,-0.3119 ,39.2573 ,0.2167 ,26.75 ,28.00 ,30.08 ,34.03 ,39.26 ,45.59 ,52.49 ,57.28 ,60.71 
136.5,-0.2966 ,39.6718 ,0.2170 ,26.99 ,28.26 ,30.37 ,34.38 ,39.67 ,46.07 ,53.03 ,57.85 ,61.29 
137.5,-0.2821 ,40.0894 ,0.2172 ,27.23 ,28.52 ,30.66 ,34.73 ,40.09 ,46.55 ,53.57 ,58.42 ,61.88 
138,-0.2752 ,40.2992 ,0.2173 ,27.36 ,28.66 ,30.81 ,34.91 ,40.30 ,46.80 ,53.85 ,58.71 ,62.17 
138.5,-0.2684 ,40.5097 ,0.2174 ,27.48 ,28.79 ,30.96 ,35.09 ,40.51 ,47.04 ,54.12 ,58.99 ,62.46 
139.5,-0.2554 ,40.9327 ,0.2175 ,27.74 ,29.07 ,31.27 ,35.45 ,40.93 ,47.53 ,54.66 ,59.57 ,63.05 
140.5,-0.2432 ,41.3582 ,0.2175 ,28.00 ,29.35 ,31.58 ,35.81 ,41.36 ,48.02 ,55.20 ,60.14 ,63.64 
141.5,-0.2317 ,41.7858 ,0.2175 ,28.26 ,29.63 ,31.89 ,36.18 ,41.79 ,48.51 ,55.75 ,60.71 ,64.23 
142.5,-0.2211 ,42.2155 ,0.2175 ,28.54 ,29.92 ,32.21 ,36.54 ,42.22 ,49.00 ,56.29 ,61.28 ,64.82 
143.5,-0.2112 ,42.6470 ,0.2174 ,28.81 ,30.21 ,32.53 ,36.92 ,42.65 ,49.49 ,56.84 ,61.86 ,65.41 
144.5,-0.2021 ,43.0801 ,0.2173 ,29.09 ,30.51 ,32.85 ,37.29 ,43.08 ,49.98 ,57.38 ,62.43 ,66.00 
145.5,-0.1938 ,43.5146 ,0.2171 ,29.38 ,30.81 ,33.18 ,37.67 ,43.51 ,50.48 ,57.93 ,63.00 ,66.58 
146.5,-0.1863 ,43.9501 ,0.2168 ,29.66 ,31.12 ,33.52 ,38.05 ,43.95 ,50.97 ,58.47 ,63.57 ,67.17 
147.5,-0.1796 ,44.3866 ,0.2165 ,29.96 ,31.43 ,33.85 ,38.43 ,44.39 ,51.46 ,59.01 ,64.14 ,67.75 
148.5,-0.1737 ,44.8237 ,0.2162 ,30.26 ,31.74 ,34.19 ,38.82 ,44.82 ,51.95 ,59.55 ,64.70 ,68.34 
149.5,-0.1686 ,45.2612 ,0.2158 ,30.56 ,32.06 ,34.54 ,39.20 ,45.26 ,52.44 ,60.09 ,65.27 ,68.92 
150,-0.1664 ,45.4800 ,0.2156 ,30.72 ,32.22 ,34.71 ,39.40 ,45.48 ,52.69 ,60.35 ,65.55 ,69.21 
150.5,-0.1644 ,45.6989 ,0.2154 ,30.87 ,32.39 ,34.88 ,39.59 ,45.70 ,52.93 ,60.62 ,65.83 ,69.50 
151.5,-0.1610 ,46.1365 ,0.2149 ,31.19 ,32.71 ,35.24 ,39.98 ,46.14 ,53.42 ,61.15 ,66.39 ,70.07 
152.5,-0.1584 ,46.5737 ,0.2144 ,31.51 ,33.05 ,35.59 ,40.37 ,46.57 ,53.90 ,61.68 ,66.95 ,70.65 
153.5,-0.1566 ,47.0103 ,0.2138 ,31.83 ,33.38 ,35.94 ,40.77 ,47.01 ,54.39 ,62.21 ,67.50 ,71.22 
154.5,-0.1556 ,47.4461 ,0.2132 ,32.15 ,33.72 ,36.30 ,41.16 ,47.45 ,54.87 ,62.73 ,68.05 ,71.79 
155.5,-0.1555 ,47.8808 ,0.2126 ,32.49 ,34.06 ,36.67 ,41.56 ,47.88 ,55.35 ,63.25 ,68.60 ,72.35 
156.5,-0.1563 ,48.3141 ,0.2119 ,32.82 ,34.41 ,37.03 ,41.95 ,48.31 ,55.82 ,63.77 ,69.14 ,72.91 
157.5,-0.1578 ,48.7459 ,0.2112 ,33.16 ,34.76 ,37.40 ,42.35 ,48.75 ,56.29 ,64.28 ,69.68 ,73.46 
158.5,-0.1603 ,49.1757 ,0.2104 ,33.51 ,35.11 ,37.76 ,42.74 ,49.18 ,56.76 ,64.79 ,70.21 ,74.01 
159.5,-0.1635 ,49.6034 ,0.2096 ,33.85 ,35.47 ,38.13 ,43.14 ,49.60 ,57.22 ,65.29 ,70.73 ,74.56 
160.5,-0.1676 ,50.0288 ,0.2087 ,34.20 ,35.83 ,38.51 ,43.53 ,50.03 ,57.68 ,65.78 ,71.25 ,75.10 
161.5,-0.1725 ,50.4515 ,0.2079 ,34.56 ,36.19 ,38.88 ,43.93 ,50.45 ,58.14 ,66.28 ,71.77 ,75.63 
162,-0.1753 ,50.6618 ,0.2074 ,34.74 ,36.37 ,39.07 ,44.13 ,50.66 ,58.36 ,66.52 ,72.02 ,75.89 
162.5,-0.1783 ,50.8713 ,0.2070 ,34.92 ,36.55 ,39.25 ,44.32 ,50.87 ,58.59 ,66.76 ,72.28 ,76.15 
163.5,-0.1850 ,51.2881 ,0.2060 ,35.28 ,36.92 ,39.63 ,44.72 ,51.29 ,59.03 ,67.24 ,72.78 ,76.67 
164.5,-0.1924 ,51.7015 ,0.2050 ,35.64 ,37.29 ,40.01 ,45.11 ,51.70 ,59.47 ,67.71 ,73.28 ,77.19 
165.5,-0.2007 ,52.1113 ,0.2040 ,36.01 ,37.66 ,40.38 ,45.50 ,52.11 ,59.91 ,68.17 ,73.76 ,77.69 
166.5,-0.2099 ,52.5173 ,0.2030 ,36.37 ,38.03 ,40.76 ,45.89 ,52.52 ,60.34 ,68.63 ,74.24 ,78.19 
167.5,-0.2198 ,52.9193 ,0.2019 ,36.74 ,38.40 ,41.14 ,46.28 ,52.92 ,60.76 ,69.08 ,74.71 ,78.68 
168.5,-0.2306 ,53.3170 ,0.2008 ,37.12 ,38.78 ,41.52 ,46.66 ,53.32 ,61.18 ,69.52 ,75.18 ,79.16 
169.5,-0.2422 ,53.7103 ,0.1997 ,37.49 ,39.15 ,41.90 ,47.05 ,53.71 ,61.59 ,69.96 ,75.63 ,79.63 
170.5,-0.2546 ,54.0988 ,0.1985 ,37.87 ,39.53 ,42.27 ,47.43 ,54.10 ,61.99 ,70.38 ,76.08 ,80.10 
171.5,-0.2678 ,54.4826 ,0.1974 ,38.24 ,39.91 ,42.65 ,47.81 ,54.48 ,62.39 ,70.80 ,76.52 ,80.55 
172.5,-0.2818 ,54.8612 ,0.1962 ,38.62 ,40.28 ,43.03 ,48.18 ,54.86 ,62.77 ,71.21 ,76.95 ,81.00 
173.5,-0.2965 ,55.2346 ,0.1949 ,39.00 ,40.66 ,43.40 ,48.56 ,55.23 ,63.16 ,71.61 ,77.36 ,81.43 
174,-0.3041 ,55.4193 ,0.1943 ,39.19 ,40.85 ,43.59 ,48.74 ,55.42 ,63.34 ,71.81 ,77.57 ,81.64 
174.5,-0.3120 ,55.6026 ,0.1937 ,39.38 ,41.04 ,43.78 ,48.92 ,55.60 ,63.53 ,72.00 ,77.77 ,81.86 
175.5,-0.3282 ,55.9650 ,0.1924 ,39.76 ,41.41 ,44.15 ,49.29 ,55.97 ,63.90 ,72.38 ,78.17 ,82.27 
176.5,-0.3451 ,56.3217 ,0.1911 ,40.13 ,41.79 ,44.52 ,49.65 ,56.32 ,64.25 ,72.75 ,78.56 ,82.67 
177.5,-0.3627 ,56.6725 ,0.1898 ,40.51 ,42.16 ,44.89 ,50.01 ,56.67 ,64.60 ,73.11 ,78.94 ,83.07 
178.5,-0.3810 ,57.0172 ,0.1885 ,40.89 ,42.53 ,45.25 ,50.37 ,57.02 ,64.95 ,73.47 ,79.30 ,83.45 
179.5,-0.3999 ,57.3558 ,0.1871 ,41.26 ,42.90 ,45.61 ,50.72 ,57.36 ,65.28 ,73.81 ,79.66 ,83.82 
180.5,-0.4194 ,57.6880 ,0.1858 ,41.64 ,43.27 ,45.97 ,51.06 ,57.69 ,65.61 ,74.14 ,80.00 ,84.17 
181.5,-0.4395 ,58.0139 ,0.1844 ,42.01 ,43.64 ,46.33 ,51.40 ,58.01 ,65.92 ,74.46 ,80.34 ,84.52 
182.5,-0.4600 ,58.3333 ,0.1830 ,42.38 ,44.00 ,46.68 ,51.74 ,58.33 ,66.23 ,74.77 ,80.66 ,84.85 
183.5,-0.4811 ,58.6461 ,0.1816 ,42.74 ,44.36 ,47.03 ,52.07 ,58.65 ,66.53 ,75.07 ,80.97 ,85.18 
184.5,-0.5026 ,58.9521 ,0.1802 ,43.11 ,44.72 ,47.38 ,52.40 ,58.95 ,66.82 ,75.36 ,81.26 ,85.48 
185.5,-0.5245 ,59.2515 ,0.1788 ,43.47 ,45.07 ,47.72 ,52.72 ,59.25 ,67.11 ,75.64 ,81.55 ,85.78 
186,-0.5356 ,59.3986 ,0.1781 ,43.65 ,45.25 ,47.89 ,52.88 ,59.40 ,67.24 ,75.78 ,81.69 ,85.92 
186.5,-0.5468 ,59.5440 ,0.1774 ,43.83 ,45.42 ,48.06 ,53.03 ,59.54 ,67.38 ,75.91 ,81.83 ,86.06 
187.5,-0.5693 ,59.8296 ,0.1760 ,44.18 ,45.77 ,48.39 ,53.34 ,59.83 ,67.65 ,76.17 ,82.09 ,86.34 
188.5,-0.5920 ,60.1083 ,0.1746 ,44.53 ,46.11 ,48.72 ,53.65 ,60.11 ,67.90 ,76.42 ,82.34 ,86.59 
189.5,-0.6149 ,60.3801 ,0.1731 ,44.87 ,46.44 ,49.04 ,53.94 ,60.38 ,68.15 ,76.65 ,82.58 ,86.84 
190.5,-0.6379 ,60.6448 ,0.1717 ,45.21 ,46.77 ,49.35 ,54.24 ,60.64 ,68.39 ,76.88 ,82.81 ,87.07 
191.5,-0.6608 ,60.9026 ,0.1703 ,45.54 ,47.10 ,49.67 ,54.52 ,60.90 ,68.63 ,77.10 ,83.02 ,87.29 
192.5,-0.6837 ,61.1533 ,0.1689 ,45.87 ,47.42 ,49.97 ,54.80 ,61.15 ,68.85 ,77.30 ,83.23 ,87.50 
193.5,-0.7065 ,61.3971 ,0.1675 ,46.19 ,47.73 ,50.27 ,55.08 ,61.40 ,69.06 ,77.50 ,83.42 ,87.69 
194.5,-0.7290 ,61.6339 ,0.1662 ,46.51 ,48.04 ,50.56 ,55.34 ,61.63 ,69.27 ,77.69 ,83.60 ,87.87 
195.5,-0.7512 ,61.8637 ,0.1648 ,46.82 ,48.34 ,50.85 ,55.60 ,61.86 ,69.47 ,77.87 ,83.77 ,88.04 
196.5,-0.7730 ,62.0866 ,0.1635 ,47.12 ,48.63 ,51.13 ,55.86 ,62.09 ,69.66 ,78.03 ,83.93 ,88.20 
197.5,-0.7943 ,62.3026 ,0.1621 ,47.41 ,48.92 ,51.40 ,56.10 ,62.30 ,69.85 ,78.19 ,84.07 ,88.34 
198,-0.8047 ,62.4080 ,0.1615 ,47.56 ,49.06 ,51.53 ,56.22 ,62.41 ,69.94 ,78.27 ,84.15 ,88.41 
198.5,-0.8149 ,62.5118 ,0.1608 ,47.70 ,49.19 ,51.66 ,56.34 ,62.51 ,70.02 ,78.34 ,84.21 ,88.47 
199.5,-0.8348 ,62.7142 ,0.1596 ,47.98 ,49.47 ,51.92 ,56.58 ,62.71 ,70.19 ,78.48 ,84.34 ,88.59 
200.5,-0.8539 ,62.9099 ,0.1583 ,48.25 ,49.73 ,52.17 ,56.80 ,62.91 ,70.36 ,78.62 ,84.46 ,88.70 
201.5,-0.8720 ,63.0990 ,0.1571 ,48.51 ,49.98 ,52.41 ,57.02 ,63.10 ,70.51 ,78.74 ,84.56 ,88.80 
202.5,-0.8891 ,63.2816 ,0.1559 ,48.77 ,50.23 ,52.65 ,57.23 ,63.28 ,70.66 ,78.86 ,84.66 ,88.88 
203.5,-0.9050 ,63.4578 ,0.1547 ,49.01 ,50.47 ,52.88 ,57.44 ,63.46 ,70.80 ,78.96 ,84.75 ,88.96 
204.5,-0.9196 ,63.6277 ,0.1536 ,49.25 ,50.70 ,53.09 ,57.64 ,63.63 ,70.94 ,79.07 ,84.82 ,89.02 
205.5,-0.9328 ,63.7915 ,0.1525 ,49.47 ,50.92 ,53.31 ,57.83 ,63.79 ,71.07 ,79.16 ,84.89 ,89.07 
206.5,-0.9445 ,63.9492 ,0.1514 ,49.69 ,51.13 ,53.51 ,58.01 ,63.95 ,71.19 ,79.25 ,84.95 ,89.11 
207.5,-0.9546 ,64.1011 ,0.1504 ,49.90 ,51.33 ,53.70 ,58.19 ,64.10 ,71.31 ,79.33 ,85.01 ,89.15 
208.5,-0.9630 ,64.2472 ,0.1495 ,50.10 ,51.53 ,53.89 ,58.36 ,64.25 ,71.43 ,79.40 ,85.06 ,89.17 
209.5,-0.9696 ,64.3878 ,0.1485 ,50.28 ,51.71 ,54.06 ,58.52 ,64.39 ,71.54 ,79.47 ,85.10 ,89.19 
210,-0.9722 ,64.4561 ,0.1481 ,50.37 ,51.80 ,54.15 ,58.60 ,64.46 ,71.59 ,79.51 ,85.11 ,89.19 
210.5,-0.9743 ,64.5230 ,0.1476 ,50.46 ,51.89 ,54.23 ,58.68 ,64.52 ,71.64 ,79.54 ,85.13 ,89.20 
211.5,-0.9770 ,64.6531 ,0.1468 ,50.63 ,52.05 ,54.40 ,58.83 ,64.65 ,71.74 ,79.60 ,85.15 ,89.20 
212.5,-0.9776 ,64.7781 ,0.1460 ,50.79 ,52.21 ,54.55 ,58.97 ,64.78 ,71.84 ,79.65 ,85.18 ,89.19 
213.5,-0.9761 ,64.8984 ,0.1453 ,50.94 ,52.35 ,54.69 ,59.10 ,64.90 ,71.93 ,79.71 ,85.19 ,89.18 
214.5,-0.9724 ,65.0142 ,0.1446 ,51.08 ,52.49 ,54.83 ,59.23 ,65.01 ,72.02 ,79.76 ,85.21 ,89.16 
215.5,-0.9666 ,65.1256 ,0.1439 ,51.21 ,52.62 ,54.96 ,59.36 ,65.13 ,72.11 ,79.80 ,85.21 ,89.14 
216.5,-0.9585 ,65.2329 ,0.1433 ,51.32 ,52.74 ,55.08 ,59.48 ,65.23 ,72.19 ,79.84 ,85.22 ,89.11 
217.5,-0.9481 ,65.3364 ,0.1428 ,51.43 ,52.85 ,55.19 ,59.59 ,65.34 ,72.27 ,79.88 ,85.22 ,89.08 
218.5,-0.9356 ,65.4363 ,0.1423 ,51.54 ,52.96 ,55.30 ,59.70 ,65.44 ,72.35 ,79.92 ,85.22 ,89.04 
219.5,-0.9209 ,65.5329 ,0.1418 ,51.63 ,53.05 ,55.39 ,59.80 ,65.53 ,72.43 ,79.96 ,85.21 ,89.00 
220.5,-0.9041 ,65.6264 ,0.1414 ,51.71 ,53.14 ,55.48 ,59.89 ,65.63 ,72.50 ,79.99 ,85.21 ,88.96 
221.5,-0.8852 ,65.7171 ,0.1410 ,51.78 ,53.22 ,55.57 ,59.98 ,65.72 ,72.58 ,80.03 ,85.20 ,88.92 
222,-0.8751 ,65.7615 ,0.1409 ,51.82 ,53.25 ,55.61 ,60.03 ,65.76 ,72.61 ,80.05 ,85.20 ,88.90 